{"properties": [
  {
    "name": "jwt.secret",
    "type": "java.lang.String",
    "description": "A description for 'jwt.secret'"
  },
  {
    "name": "spring.cloud.discovery.locator.enabled",
    "type": "java.lang.String",
    "description": "A description for 'spring.cloud.discovery.locator.enabled'"
  },
  {
    "name": "spring.cloud.discovery.locator.lower-case-service-id",
    "type": "java.lang.String",
    "description": "A description for 'spring.cloud.discovery.locator.lower-case-service-id'"
  }
]}